1,How to Set Up the Board | Chess,122051
2,How to Use the Pawn | Chess,226109
3,How to Use the Knight | Chess,125621
4,How to Use the Bishop | Chess,72065
5,How to Use the Rook | Chess,65179
6,How to Use the Queen | Chess,62626
7,How to Use the King | Chess,65614
8,How to Understand Chess Symbols | Chess,50370
9,How to Use Chess Notation | Chess,77435
10,What Is Calculation in Chess? | Chess,73667
11,What Is Centering in Chess? | Chess,47249
12,What Is Space in Chess? | Chess,41919
13,What Is Tempo in Chess? | Chess,43148
14,Legal & Illegal Moves | Chess,68965
15,What Is Handicapping in Chess? | Chess,48293
16,What Is Pawn Promotion? | Chess,54078
17,What Is a Gambit? | Chess,399258
18,What Is Zugzwang? | Chess,110088
19,How to Understand Chess Combinations | Chess,92936
20,How to Understand Pawn Structure | Chess,137363
21,Capturing Pieces vs. Pursuing Checkmate | Chess,241713
22,Principles of Attacking & Defending | Chess,606476
23,3 Basic Opening Strategy Principles | Chess,1517100
24,3 Things to Consider If You Get Stuck | Chess,322581
25,How to Achieve Checkmate in 2 Moves | Chess,3430628
26,How to Achieve Checkmate in 3 Moves | Chess,1111999
27,How to Achieve Checkmate in 4 Moves | Chess,1023147
28,Achieving Checkmate w/ Only King & Queen | Chess,134068
29,Achieving Checkmate w/ Only King & Rook | Chess,151887
30,What Is LÃ©gal's Pseudo-Sacrifice? | Chess,98155
31,What Is a Smothered Checkmate? | Chess,226745
32,What Is a Ladder Checkmate? | Chess,118507
33,What Is Blackburne's Mating Maneuver? | Chess,178873
34,Basics of the Sicilian Defense | Chess,269213
35,Basics of The Ruy Lopez | Chess,128622
36,Basics of The Italian Game | Chess,138038
37,10 Golden Moves | Chess,1161351
38,What Is Blitz Chess? | Chess,66195
39,Chess Etiquette | Chess,49588
40,How to Play Chess with Chess NYC | Chess,35320
