1,Learn To Draw #01 - Sketching Basics + Materials,1513618
2,Learn to Draw #02 - Simplifying Objects + Learning to See,479000
3,Learn to Draw #03 - Shading Techniques,365836
4,Learn to Draw #04 - One-Point Perspective,184306
5,Learn to Draw #05 - Two-Point Perspective,126801
6,Learn To Draw #06 - Setting Up A Still Life,90968
7,Learn To Draw #07 - Compositional Guidelines,95702
8,Learn to Draw #08 - Values & Edges,70119
9,Learn to Draw #09 - Sketching from Life,55924
10,Learn to Draw #10 - Proportion Basics,36064
11,Learn to Draw #11 - Observing Edges for Realistic Renderings,30683
12,LESSON: Drawing a Lemon | Real-Time Drawing Lesson Video,9943
13,Where and How to Start on a Drawing,9729
14,Drawing Basics - Part 1,10108
15,Drawing Basics - Part 2,5145
16,Why You Should Learn to Draw NOW | The Foundation of All Art,16338
17,Best Methods For Improving Your Drawing Abilities and Skills,58683
18,Line Sketch 01 - Time Lapse,7941
19,Sketchbook Tour #01 | What's In My Sketchbook?,9379
20,Copper Cup Drawing - Time Lapse,3766
21,Lemon Drawing - Time Lapse,4281
22,Drawing Videos Coming Soon - 2016 Trailer,5269
