1,React JS Tutorials for Beginners - 1 - Getting Started,103710
2,React JS Tutorials for Beginners - 2 - Simple Demo,63152
3,React JS Tutorials for Beginners - 3 - Components,40515
4,React JS Tutorials for Beginners - 4 - Rendering Multiple Components,32176
5,React JS Tutorials for Beginners - 5 - Props,32709
6,React JS Tutorials for Beginners - 6 - Event Handling,39253
7,React JS Tutorials for Beginners - 7 - State,32647
8,React JS Tutorials for Beginners - 8 - Adding State to Components,26660
9,React JS Tutorials for Beginners - 9 - refs,22722
10,React JS Tutorials for Beginners - 10 - Multiple Child Components,22507
11,React JS Tutorials for Beginners - 11 - Updating State and Removing Components,21032
12,React JS Tutorials for Beginners - 12 - Passing Function as Props,18802
13,React JS Tutorials for Beginners - 13 - Creating New Components,19694
