1,ReactJS / Redux Tutorial - #1 Introduction,8806
2,ReactJS / Redux Tutorial - #2 What is Redux? Why use it?,5702
3,ReactJS / Redux Tutorial - #3 Using Redux,5884
4,ReactJS / Redux Tutorial - #4 Working with State and Immutability,5171
5,ReactJS / Redux Tutorial - #5 Multiple Reducers,3543
6,ReactJS / Redux Tutorial - #6 Redux Middleware,3921
7,ReactJS / Redux Tutorial - #7 Connect ReactJS and Redux,5537
8,ReactJS / Redux Tutorial - #8 Containers & Components (Smart & Dumb Components),3479
9,ReactJS / Redux Tutorial - #9 A better Project Structure,3543
10,ReactJS / Redux Tutorial - #10 Async Actions,3809
11,ReactJS / Redux Tutorial - #11 Wrap Up & Further Resources,2448
