1,ReactJS Basics - #1 What is React?,27838
2,ReactJS Basics - #2 Setup Workspace with Webpack,21147
3,ReactJS Basics - #2.5 Set up Git,4437
4,ReactJS Basics - #3 First Component,11611
5,ReactJS Basics - #4 Multiple Components,8195
6,ReactJS Basics - #5 Outputting dynamic Data,6899
7,ReactJS Basics - #6 Passing Data with Props,8707
8,ReactJS Basics - #7 Events & ReactJS,6434
9,ReactJS Basics - #8 State of Components,5595
10,ReactJS Basics - #9 How does ReactJS update the DOM?,5165
11,ReactJS Basics - #10 Stateless Components,4896
12,ReactJS Basics - #11 Communicating between Parent and Child Component,5310
13,ReactJS Basics - #12 Passing Data between Parent and Child Components,5510
14,ReactJS Basics - #13 Two-Way-Binding,5331
15,ReactJS Basics - #14 Component Lifecycle,5546
16,ReactJS Basics - #15 React Router - Route Setup,10343
17,ReactJS Basics - #16 React Router - Navigation & Parameters,6852
