1,How to Warm Up Voice w/ Practice Scales | Singing Lessons,111136
2,How to Do a Singing Exercise Warm-Up | Singing Lessons,134153
3,How to Sing in Tune | Singing Lessons,359704
4,How to Find Your Vocal Range | Singing Lessons,221766
5,How to Improve Range w/ Vocal Exercises | Singing Lessons,1300247
6,How to Find Your Optimum Pitch | Singing Lessons,63339
7,How to Sing Using Your Chest Voice | Singing Lessons,47960
8,How to Sing Long Phrases | Singing Lessons,21016
9,How to Sing Harmony | Singing Lessons,282126
10,What Are R&B Singing Techniques? | Singing Lessons,82104
11,Voice Practice Techniques for Women | Singing Lessons,47699
12,How to Breath While Singing | Singing Lessons,102181
13,How to Release Tension from Your Throat | Singing Lessons,469083
14,Voice Practice Basics | Singing Lessons,27175
15,How to Learn to Sing Better | Singing Lessons,112424
16,Pitch Control Tips | Singing Lessons,154436
17,How to Take Care of Your Voice | Singing Lessons,82971
18,How to Sing Mezzo Soprano | Singing Lessons,126764
19,How to Sing Alto | Singing Lessons,400381
20,How to Get a Breathy Tone | Singing Lessons,24598
21,Using Different Textures in Your Voice | Singing Lessons,7529
22,How to Sing Open Tones | Singing Lessons,10040
23,How to Belt Out a Song | Singing Lessons,41039
24,How to Sing a High Note | Singing Lessons,1904209
25,5 Tips for Singing on Stage | Singing Lessons,58274
26,Picking the Right Song for Your Voice | Singing Lessons,29187
27,How to Connect with Your Lyrics | Singing Lessons,7964
28,4 Tips on Singing into a Microphone | Singing Lessons,61305
29,How to Sing a Duet | Singing Lessons,14598
30,How to Sing in a Group | Singing Lessons,7806
31,Singing Lessons with Anya Singleton | Singing Lessons,6321
